text,sentiment
The product stopped working,negative
The service was wonderful!,positive
The service was poor.,negative
I am impressed with the quality,positive
"Overall, very disappointing",negative
"Overall, completely useless product",negative
"Honestly, the delivery was extremely slow",negative
"Overall, the product works perfectly",positive
The movie was fine,neutral
"Overall, extremely frustrating",negative
"Honestly, the experience was great",positive
The price is listed on the website.,neutral
I used it for a week!,neutral
The movie was fine.,neutral
I am very satisfied,positive
Excellent quality.,positive
The package arrived today!,neutral
Very disappointing.,negative
I hate this product.,negative
The quality is very bad.,negative
The product arrived damaged.,negative
I am disappointed with the service.,negative
"Overall, i am not satisfied",negative
Very disappointing!,negative
"Honestly, the product arrived damaged",negative
"Overall, the product has several features",neutral
"Overall, i am impressed with the quality",positive
The service is available!,neutral
"Overall, completely useless product",negative
This product is amazing.,positive
The delivery was fast.,positive
I received the product yesterday.,neutral
The service was normal,neutral
"Honestly, amazing customer service",positive
The product works perfectly,positive
The movie was fine,neutral
The delivery was extremely slow,negative
"Honestly, the product has a simple design",neutral
Very happy with my purchase,positive
"Honestly, i received the product yesterday",neutral
"Honestly, really good experience",positive
"Honestly, everything was perfect",positive
"Overall, the experience was horrible",negative
"Overall, the product is currently available",neutral
"Overall, very poor quality",negative
Completely useless product.,negative
I am impressed with the quality.,positive
I would not recommend this.,negative
I am impressed with the quality.,positive
I am not satisfied,negative
"Overall, excellent quality",positive
The service was poor!,negative
I received the product yesterday!,neutral
Waste of money.,negative
"Honestly, it is neither good nor bad",neutral
It is an average experience!,neutral
"Overall, i received the product yesterday",neutral
Customer service was terrible.,negative
The price is listed on the website.,neutral
The package arrived today,neutral
"Honestly, i used it for a week",neutral
This is fantastic!,positive
"Honestly, it meets the basic requirements",neutral
"Honestly, the product exceeded my expectations",positive
"Honestly, the product exceeded my expectations",positive
The product arrived damaged,negative
"Overall, waste of money",negative
The experience was great!,positive
The product is okay!,neutral
"Honestly, extremely frustrating",negative
The product has several features,neutral
The experience was ordinary.,neutral
"Overall, i used it for a week",neutral
I regret buying this!,negative
I used it for a week!,neutral
"Honestly, i received the product yesterday",neutral
I received the product yesterday,neutral
Completely useless product.,negative
Really good experience!,positive
"Honestly, i used it for a week",neutral
"Honestly, the package arrived today",neutral
I am impressed with the quality!,positive
The quality is excellent!,positive
"Overall, i am disappointed with the service",negative
Very useful and easy to use.,positive
"Overall, very poor quality",negative
The product is currently available!,neutral
The product is available in different sizes!,neutral
"Overall, the quality is very bad",negative
"Honestly, great value for money",positive
I am disappointed with the service.,negative
This is fantastic,positive
Waste of money.,negative
"Honestly, i would not recommend this",negative
This product is amazing,positive
The quality is very bad.,negative
I hate this product!,negative
It does not work properly!,negative
"Honestly, the price is listed on the website",neutral
"Honestly, the product is currently available",neutral
I am not satisfied.,negative
"Overall, the product is currently available",neutral
"Overall, the product has several features",neutral
"Overall, i am disappointed with the service",negative
"Overall, everything was perfect",positive
"Overall, the service was wonderful",positive
It is neither good nor bad.,neutral
"Overall, the product is okay",neutral
Everything was perfect!,positive
"Honestly, the experience was horrible",negative
"Honestly, the movie was fine",neutral
I received the product yesterday!,neutral
"Overall, extremely frustrating",negative
I would definitely recommend it.,positive
"Honestly, it does not work properly",negative
Really good experience!,positive
"Overall, the experience was horrible",negative
The product arrived damaged.,negative
I am very satisfied.,positive
"Honestly, i am disappointed with the service",negative
Amazing customer service.,positive
The product is currently available!,neutral
Extremely frustrating,negative
"Honestly, the product works as expected",neutral
"Overall, very happy with my purchase",positive
"Honestly, the service was wonderful",positive
The service took two days!,neutral
"Overall, it is neither good nor bad",neutral
"Overall, the delivery was on time",neutral
It meets the basic requirements!,neutral
"Overall, the product exceeded my expectations",positive
Waste of money.,negative
The product stopped working.,negative
The product exceeded my expectations.,positive
"Honestly, it is neither good nor bad",neutral
The product is available in different sizes!,neutral
"Overall, very useful and easy to use",positive
Excellent quality,positive
The product has several features!,neutral
Very disappointing!,negative
The delivery was on time!,neutral
"Honestly, the movie was fine",neutral
"Overall, great value for money",positive
"Overall, the product works perfectly",positive
The price is listed on the website,neutral
I would definitely recommend it,positive
Customer service was terrible,negative
The experience was great,positive
"Honestly, the service was wonderful",positive
"Overall, amazing customer service",positive
"Honestly, the product is available in different sizes",neutral
"Honestly, it has the features mentioned",neutral
"Overall, the experience was horrible",negative
It has the features mentioned!,neutral
The product works perfectly!,positive
"Overall, completely useless product",negative
The product stopped working.,negative
Excellent quality!,positive
"Overall, this product is amazing",positive
Waste of money!,negative
Great value for money,positive
Waste of money!,negative
The experience was great,positive
"Honestly, the experience was ordinary",neutral
I received the product yesterday,neutral
It is neither good nor bad.,neutral
I am disappointed with the service.,negative
I am impressed with the quality.,positive
"Honestly, i would definitely recommend it",positive
The product is available in different sizes!,neutral
"Honestly, the service was poor",negative
"Overall, it does not work properly",negative
Waste of money,negative
"Honestly, very disappointing",negative
The price is listed on the website!,neutral
Amazing customer service.,positive
The experience was ordinary!,neutral
"Honestly, the delivery was on time",neutral
I used it for a week,neutral
"Honestly, the service was wonderful",positive
It is an average experience.,neutral
Very happy with my purchase!,positive
Waste of money.,negative
"Overall, the service is available",neutral
"Overall, this product is amazing",positive
"Honestly, customer service was terrible",negative
The delivery was on time!,neutral
"Overall, the experience was great",positive
"Honestly, very useful and easy to use",positive
The product exceeded my expectations.,positive
Very happy with my purchase.,positive
It has the features mentioned!,neutral
Completely useless product,negative
"Honestly, it has the features mentioned",neutral
I am disappointed with the service,negative
"Honestly, i am disappointed with the service",negative
"Honestly, the product works as expected",neutral
"Honestly, very poor quality",negative
"Honestly, completely useless product",negative
"Honestly, the service took two days",neutral
The product is okay,neutral
The package arrived today,neutral
"Overall, the service took two days",neutral
Amazing customer service,positive
"Honestly, the price is listed on the website",neutral
It is an average experience.,neutral
"Overall, the delivery was fast",positive
The delivery was fast,positive
"Honestly, i am very satisfied",positive
"Honestly, the product works perfectly",positive
The product works perfectly.,positive
I used it for a week,neutral
"Honestly, the price is listed on the website",neutral
"Honestly, everything was perfect",positive
"Honestly, great value for money",positive
The product is available in different sizes.,neutral
This is the worst product!,negative
This is the worst product!,negative
The quality is excellent,positive
The service was poor.,negative
This is the worst product.,negative
"Overall, i would not recommend this",negative
I hate this product!,negative
"Overall, the experience was horrible",negative
The service is available,neutral
"Overall, the service is available",neutral
"Overall, the product is available in different sizes",neutral
Everything was perfect.,positive
The movie was fine.,neutral
"Honestly, i am very satisfied",positive
The experience was great!,positive
It is neither good nor bad!,neutral
The product has a simple design.,neutral
The service took two days!,neutral
The product works as expected,neutral
The product is currently available,neutral
"Overall, i love this product",positive
"Overall, this is fantastic",positive
It has the features mentioned.,neutral
"Overall, the product stopped working",negative
The experience was ordinary.,neutral
The price is listed on the website,neutral
It is an average experience,neutral
Very poor quality!,negative
I hate this product!,negative
"Honestly, waste of money",negative
"Honestly, the product stopped working",negative
The service was poor!,negative
This product is terrible,negative
"Overall, this is fantastic",positive
The movie was fine!,neutral
"Overall, the service was poor",negative
"Overall, the experience was great",positive
This is the worst product!,negative
It has the features mentioned,neutral
"Honestly, the product is available in different sizes",neutral
"Honestly, it does not work properly",negative
"Overall, i would definitely recommend it",positive
It meets the basic requirements.,neutral
The service is available.,neutral
This is fantastic,positive
"Overall, the product exceeded my expectations",positive
I regret buying this!,negative
"Honestly, the delivery was extremely slow",negative
This is fantastic.,positive
The quality is very bad,negative
The service was normal,neutral
The delivery was extremely slow.,negative
"Overall, everything was perfect",positive
"Honestly, the service was wonderful",positive
This product is terrible.,negative
It meets the basic requirements,neutral
"Overall, the service was poor",negative
"Honestly, i am very satisfied",positive
This is fantastic.,positive
"Overall, this is fantastic",positive
"Overall, i am disappointed with the service",negative
"Overall, the product has a simple design",neutral
I am disappointed with the service.,negative
"Honestly, waste of money",negative
"Honestly, the product works as expected",neutral
"Honestly, very poor quality",negative
The product is available in different sizes,neutral
The product works as expected!,neutral
The product works as expected!,neutral
The price is listed on the website.,neutral
The price is listed on the website,neutral
The delivery was on time!,neutral
The experience was horrible!,negative
Excellent quality!,positive
It has the features mentioned!,neutral
I am not satisfied,negative
I would definitely recommend it!,positive
The service took two days.,neutral
The product is currently available.,neutral
"Overall, the product exceeded my expectations",positive
"Overall, this is the worst product",negative
Everything was perfect!,positive
The product has a simple design,neutral
The experience was horrible!,negative
"Overall, the product works as expected",neutral
The product has a simple design.,neutral
"Overall, the service was normal",neutral
"Overall, i would not recommend this",negative
It is an average experience!,neutral
The product is available in different sizes.,neutral
The quality is excellent!,positive
The quality is excellent,positive
"Overall, amazing customer service",positive
The price is listed on the website!,neutral
This is the worst product,negative
It meets the basic requirements,neutral
The product works as expected.,neutral
Excellent quality,positive
"Overall, excellent quality",positive
"Overall, the service is available",neutral
"Overall, the service was poor",negative
I regret buying this,negative
Very disappointing,negative
The product stopped working,negative
"Overall, the delivery was fast",positive
Waste of money!,negative
"Overall, the product arrived damaged",negative
"Overall, the product exceeded my expectations",positive
The price is listed on the website.,neutral
"Overall, it has the features mentioned",neutral
The experience was great,positive
Waste of money.,negative
The package arrived today!,neutral
"Overall, i would not recommend this",negative
The product has a simple design.,neutral
I hate this product.,negative
"Honestly, it does not work properly",negative
"Honestly, i would definitely recommend it",positive
"Honestly, the experience was horrible",negative
"Honestly, completely useless product",negative
"Honestly, the product is currently available",neutral
The delivery was on time!,neutral
The product is okay!,neutral
This is fantastic!,positive
The product has a simple design,neutral
I am very satisfied.,positive
It has the features mentioned.,neutral
I am disappointed with the service.,negative
"Honestly, i really enjoyed this experience",positive
I hate this product!,negative
It does not work properly.,negative
I am not satisfied!,negative
The delivery was fast!,positive
Really good experience.,positive
I am disappointed with the service.,negative
"Overall, this is fantastic",positive
"Overall, the experience was great",positive
"Honestly, the experience was ordinary",neutral
I am impressed with the quality!,positive
"Overall, i would not recommend this",negative
The product works perfectly!,positive
"Honestly, the product has several features",neutral
I am disappointed with the service!,negative
This product is terrible!,negative
"Honestly, the service was normal",neutral
Great value for money,positive
Really good experience,positive
"Overall, the service is available",neutral
The delivery was fast.,positive
I love this product!,positive
This is the worst product!,negative
I really enjoyed this experience.,positive
Very happy with my purchase,positive
"Overall, waste of money",negative
Very disappointing.,negative
"Honestly, the delivery was fast",positive
It is an average experience!,neutral
"Honestly, the package arrived today",neutral
"Honestly, this product is amazing",positive
"Honestly, the product is available in different sizes",neutral
"Overall, completely useless product",negative
The delivery was on time,neutral
"Overall, very useful and easy to use",positive
The service was wonderful,positive
Great value for money!,positive
The delivery was on time,neutral
"Overall, very poor quality",negative
The service is available!,neutral
The product exceeded my expectations!,positive
"Overall, the product stopped working",negative
I am impressed with the quality,positive
"Honestly, the delivery was on time",neutral
I hate this product.,negative
"Honestly, it is an average experience",neutral
"Honestly, customer service was terrible",negative
"Honestly, the product is available in different sizes",neutral
I am disappointed with the service,negative
"Honestly, i regret buying this",negative
"Honestly, everything was perfect",positive
The package arrived today!,neutral
Very happy with my purchase.,positive
"Honestly, excellent quality",positive
"Honestly, the product has a simple design",neutral
Very happy with my purchase,positive
The product exceeded my expectations!,positive
"Overall, i hate this product",negative
This is fantastic.,positive
"Overall, the service was normal",neutral
I regret buying this,negative
"Honestly, this product is terrible",negative
I love this product.,positive
"Overall, the experience was horrible",negative
"Overall, i am disappointed with the service",negative
I am very satisfied!,positive
I am impressed with the quality.,positive
"Overall, the delivery was on time",neutral
"Overall, it is neither good nor bad",neutral
"Overall, the product works perfectly",positive
This product is terrible,negative
Very poor quality,negative
"Honestly, it has the features mentioned",neutral
It is neither good nor bad,neutral
The product is okay.,neutral
The product has a simple design!,neutral
The product is okay!,neutral
"Overall, very useful and easy to use",positive
"Overall, customer service was terrible",negative
The quality is excellent,positive
It is an average experience.,neutral
The service was poor.,negative
I hate this product!,negative
"Overall, i would not recommend this",negative
The delivery was fast.,positive
I am disappointed with the service.,negative
"Honestly, the experience was horrible",negative
"Honestly, the quality is excellent",positive
Very disappointing,negative
"Honestly, it has the features mentioned",neutral
The product arrived damaged,negative
The delivery was on time,neutral
The product arrived damaged!,negative
"Overall, this is the worst product",negative
The service is available,neutral
The product exceeded my expectations.,positive
"Overall, i would definitely recommend it",positive
The service took two days!,neutral
"Honestly, it meets the basic requirements",neutral
Extremely frustrating.,negative
"Honestly, the service took two days",neutral
"Honestly, i am not satisfied",negative
"Honestly, it is an average experience",neutral
This is fantastic!,positive
The quality is excellent!,positive
The product works perfectly!,positive
"Overall, the product stopped working",negative
"Honestly, excellent quality",positive
It is an average experience,neutral
The package arrived today,neutral
Very happy with my purchase!,positive
The experience was ordinary.,neutral
"Overall, the service is available",neutral
"Honestly, the service was wonderful",positive
The product is available in different sizes.,neutral
"Honestly, great value for money",positive
"Honestly, i hate this product",negative
Everything was perfect,positive
"Honestly, excellent quality",positive
Excellent quality,positive
"Honestly, waste of money",negative
"Overall, the service was poor",negative
I would not recommend this!,negative
It meets the basic requirements.,neutral
"Honestly, the product works perfectly",positive
"Honestly, the product exceeded my expectations",positive
The delivery was fast!,positive
"Overall, amazing customer service",positive
"Honestly, the service was normal",neutral
The package arrived today,neutral
Very happy with my purchase!,positive
Very disappointing!,negative
"Honestly, this product is terrible",negative
It is neither good nor bad!,neutral
The delivery was fast,positive
It has the features mentioned,neutral
"Honestly, the delivery was extremely slow",negative
The product is currently available!,neutral
The product arrived damaged,negative
"Overall, really good experience",positive
"Honestly, the product is okay",neutral
"Overall, waste of money",negative
Excellent quality,positive
"Overall, it meets the basic requirements",neutral
This is the worst product.,negative
Very poor quality,negative
The experience was ordinary!,neutral
"Overall, the quality is very bad",negative
Extremely frustrating,negative
The product stopped working,negative
"Overall, this is fantastic",positive
The product is okay.,neutral
"Honestly, the service was normal",neutral
"Overall, the product exceeded my expectations",positive
"Overall, extremely frustrating",negative
Amazing customer service,positive
"Honestly, great value for money",positive
Excellent quality!,positive
The service was normal,neutral
It has the features mentioned,neutral
"Overall, the product works perfectly",positive
"Honestly, the quality is excellent",positive
"Overall, i would not recommend this",negative
Customer service was terrible.,negative
This product is amazing!,positive
Excellent quality,positive
I love this product.,positive
This is the worst product!,negative
"Overall, the product arrived damaged",negative
I am not satisfied.,negative
"Honestly, i would not recommend this",negative
I received the product yesterday!,neutral
"Overall, the product is available in different sizes",neutral
"Overall, the price is listed on the website",neutral
"Honestly, the product works as expected",neutral
"Honestly, very happy with my purchase",positive
"Overall, this is fantastic",positive
The package arrived today.,neutral
The package arrived today.,neutral
"Honestly, the service is available",neutral
I am impressed with the quality.,positive
"Overall, extremely frustrating",negative
"Overall, this is fantastic",positive
"Honestly, the product has several features",neutral
I really enjoyed this experience.,positive
The product has several features!,neutral
Very happy with my purchase.,positive
The experience was horrible.,negative
"Honestly, this is fantastic",positive
It is neither good nor bad,neutral
"Overall, the experience was ordinary",neutral
"Overall, it is an average experience",neutral
"Honestly, it is neither good nor bad",neutral
"Overall, the package arrived today",neutral
This product is terrible,negative
Very disappointing!,negative
The product is currently available!,neutral
The service was normal!,neutral
"Honestly, the product is currently available",neutral
I am disappointed with the service.,negative
"Honestly, it is an average experience",neutral
"Honestly, the price is listed on the website",neutral
The service took two days.,neutral
The product stopped working.,negative
"Honestly, the product arrived damaged",negative
The product is available in different sizes,neutral
"Honestly, the delivery was extremely slow",negative
This product is amazing!,positive
Completely useless product!,negative
Amazing customer service!,positive
I would definitely recommend it.,positive
"Honestly, this is the worst product",negative
"Honestly, this product is terrible",negative
It does not work properly,negative
It has the features mentioned!,neutral
"Honestly, the service was poor",negative
"Overall, the product works perfectly",positive
The service was wonderful!,positive
"Honestly, it has the features mentioned",neutral
"Overall, the product has a simple design",neutral
I regret buying this,negative
The service was poor,negative
"Honestly, excellent quality",positive
I am not satisfied.,negative
The product arrived damaged.,negative
"Overall, the service was wonderful",positive
"Honestly, the service is available",neutral
Really good experience!,positive
"Overall, the product is okay",neutral
"Overall, i am not satisfied",negative
The product works perfectly,positive
The delivery was on time.,neutral
Excellent quality.,positive
Very useful and easy to use!,positive
It does not work properly,negative
"Overall, completely useless product",negative
The product is okay.,neutral
"Overall, i used it for a week",neutral
The product has several features.,neutral
"Overall, the experience was ordinary",neutral
This product is terrible.,negative
"Overall, customer service was terrible",negative
The movie was fine.,neutral
"Honestly, the service was normal",neutral
"Overall, i am impressed with the quality",positive
"Honestly, it does not work properly",negative
Great value for money!,positive
I hate this product!,negative
"Honestly, waste of money",negative
The service is available,neutral
The service took two days,neutral
"Overall, this is fantastic",positive
"Honestly, great value for money",positive
The delivery was extremely slow!,negative
The quality is very bad!,negative
I hate this product!,negative
It does not work properly!,negative
"Overall, i regret buying this",negative
"Overall, the experience was ordinary",neutral
Waste of money.,negative
"Overall, i am not satisfied",negative
"Honestly, the movie was fine",neutral
"Honestly, i am disappointed with the service",negative
I used it for a week,neutral
Excellent quality.,positive
The product arrived damaged!,negative
Everything was perfect.,positive
This product is terrible.,negative
"Honestly, this is fantastic",positive
"Overall, i used it for a week",neutral
The product is available in different sizes!,neutral
Waste of money,negative
This product is amazing.,positive
Waste of money!,negative
Customer service was terrible,negative
"Honestly, very poor quality",negative
"Overall, the price is listed on the website",neutral
"Overall, the product is okay",neutral
"Overall, it has the features mentioned",neutral
The quality is very bad!,negative
"Overall, the movie was fine",neutral
This product is amazing.,positive
I really enjoyed this experience!,positive
"Overall, this is fantastic",positive
Customer service was terrible,negative
The experience was great!,positive
"Honestly, the service was wonderful",positive
I hate this product!,negative
Great value for money!,positive
This product is amazing,positive
The movie was fine!,neutral
The product works perfectly,positive
"Honestly, this product is amazing",positive
Waste of money.,negative
It meets the basic requirements,neutral
This product is amazing!,positive
The product exceeded my expectations,positive
Really good experience!,positive
I love this product!,positive
The product exceeded my expectations!,positive
The product is currently available!,neutral
The service was normal!,neutral
The product is okay,neutral
"Overall, the delivery was fast",positive
"Overall, i hate this product",negative
"Honestly, i hate this product",negative
"Honestly, i would definitely recommend it",positive
I hate this product,negative
"Honestly, the delivery was on time",neutral
"Overall, this is the worst product",negative
This product is terrible!,negative
I am not satisfied!,negative
I would not recommend this.,negative
The service was wonderful!,positive
The movie was fine,neutral
I used it for a week,neutral
"Honestly, the movie was fine",neutral
The product is currently available.,neutral
"Honestly, i used it for a week",neutral
The service is available,neutral
"Overall, i am not satisfied",negative
The product works as expected,neutral
The product works as expected!,neutral
"Overall, the experience was ordinary",neutral
"Overall, it does not work properly",negative
I would definitely recommend it,positive
"Overall, the service took two days",neutral
Really good experience.,positive
"Overall, extremely frustrating",negative
"Honestly, the product stopped working",negative
It has the features mentioned!,neutral
"Overall, the product works as expected",neutral
Very useful and easy to use,positive
"Overall, the movie was fine",neutral
"Overall, the experience was horrible",negative
It has the features mentioned.,neutral
"Overall, the product has several features",neutral
The quality is very bad,negative
I would definitely recommend it.,positive
"Honestly, everything was perfect",positive
"Overall, waste of money",negative
I am very satisfied!,positive
I would not recommend this!,negative
"Overall, the price is listed on the website",neutral
It is neither good nor bad!,neutral
"Overall, the product stopped working",negative
The product is available in different sizes,neutral
Very happy with my purchase.,positive
"Overall, the product arrived damaged",negative
The product works as expected,neutral
"Overall, i would definitely recommend it",positive
"Honestly, it is neither good nor bad",neutral
"Honestly, the delivery was extremely slow",negative
The service took two days!,neutral
It has the features mentioned!,neutral
"Overall, the product works as expected",neutral
I hate this product,negative
"Honestly, the service was normal",neutral
I am disappointed with the service.,negative
"Honestly, the product works as expected",neutral
"Honestly, the product works as expected",neutral
I am very satisfied.,positive
The product is currently available.,neutral
This is the worst product.,negative
"Honestly, very useful and easy to use",positive
The product stopped working!,negative
"Honestly, i am very satisfied",positive
"Honestly, i really enjoyed this experience",positive
"Honestly, the product stopped working",negative
This product is amazing.,positive
I really enjoyed this experience,positive
I am disappointed with the service.,negative
The price is listed on the website.,neutral
This is fantastic,positive
"Honestly, the product is currently available",neutral
Excellent quality!,positive
Excellent quality!,positive
"Overall, this is fantastic",positive
The price is listed on the website!,neutral
Waste of money.,negative
The product exceeded my expectations.,positive
"Overall, completely useless product",negative
"Overall, the delivery was extremely slow",negative
"Honestly, the delivery was on time",neutral
The product is currently available!,neutral
I hate this product.,negative
"Overall, i would not recommend this",negative
Completely useless product!,negative
The experience was ordinary!,neutral
The product is available in different sizes,neutral
I would not recommend this,negative
"Honestly, it is an average experience",neutral
This is the worst product.,negative
"Honestly, waste of money",negative
The product works as expected,neutral
"Overall, the product arrived damaged",negative
This product is terrible.,negative
It does not work properly.,negative
The product is available in different sizes!,neutral
"Overall, the product is available in different sizes",neutral
The delivery was on time!,neutral
Customer service was terrible,negative
The experience was horrible!,negative
The service was poor.,negative
Great value for money.,positive
Completely useless product.,negative
The product has several features,neutral
Everything was perfect!,positive
The product is okay,neutral
"Overall, the movie was fine",neutral
Very disappointing!,negative
The product has a simple design!,neutral
"Overall, it meets the basic requirements",neutral
"Overall, i am very satisfied",positive
Very poor quality!,negative
The experience was horrible!,negative
Very happy with my purchase,positive
The product has a simple design.,neutral
The delivery was on time!,neutral
"Honestly, it does not work properly",negative
"Honestly, it is an average experience",neutral
The product has a simple design!,neutral
The package arrived today.,neutral
"Honestly, great value for money",positive
The delivery was extremely slow.,negative
I received the product yesterday.,neutral
"Honestly, the product is okay",neutral
Excellent quality!,positive
"Overall, the product stopped working",negative
"Overall, the product exceeded my expectations",positive
This is the worst product,negative
"Honestly, the experience was horrible",negative
"Honestly, the product has a simple design",neutral
"Honestly, very disappointing",negative
The delivery was fast!,positive
The product exceeded my expectations!,positive
Very happy with my purchase.,positive
"Honestly, i am very satisfied",positive
This product is amazing.,positive
"Overall, the movie was fine",neutral
"Overall, this is the worst product",negative
"Honestly, the product is currently available",neutral
"Overall, i received the product yesterday",neutral
The product is currently available.,neutral
Excellent quality!,positive
The product is okay.,neutral
The service was normal.,neutral
The product works as expected.,neutral
I am disappointed with the service,negative
The delivery was extremely slow!,negative
Really good experience!,positive
"Honestly, this is the worst product",negative
"Honestly, everything was perfect",positive
I am disappointed with the service.,negative
The product is currently available!,neutral
It has the features mentioned.,neutral
I would not recommend this!,negative
"Overall, excellent quality",positive
"Overall, this is the worst product",negative
The service was poor!,negative
The delivery was on time.,neutral
The product has a simple design!,neutral
Very poor quality!,negative
The delivery was on time.,neutral
"Overall, i would definitely recommend it",positive
"Overall, it meets the basic requirements",neutral
This product is amazing,positive
The package arrived today!,neutral
"Honestly, i used it for a week",neutral
"Honestly, the product has several features",neutral
"Overall, i regret buying this",negative
Customer service was terrible!,negative
The product stopped working,negative
I love this product!,positive
"Honestly, i hate this product",negative
"Honestly, the quality is very bad",negative
Very happy with my purchase,positive
Very useful and easy to use.,positive
"Honestly, it has the features mentioned",neutral
Very happy with my purchase!,positive
The product has several features,neutral
It does not work properly!,negative
"Honestly, the delivery was on time",neutral
It does not work properly!,negative
The product is currently available.,neutral
"Honestly, i am very satisfied",positive
"Honestly, extremely frustrating",negative
It is neither good nor bad,neutral
This is the worst product.,negative
"Honestly, completely useless product",negative
"Honestly, very happy with my purchase",positive
"Honestly, the price is listed on the website",neutral
I would not recommend this!,negative
Very poor quality!,negative
"Overall, i would not recommend this",negative
The delivery was extremely slow!,negative
I am not satisfied!,negative
The quality is very bad.,negative
"Honestly, great value for money",positive
"Overall, the price is listed on the website",neutral
"Overall, the experience was ordinary",neutral
I would not recommend this,negative
The product works as expected,neutral
"Honestly, very happy with my purchase",positive
The service was wonderful!,positive
The delivery was on time!,neutral
Really good experience!,positive
I used it for a week.,neutral
The product works perfectly,positive
"Overall, the product works as expected",neutral
"Overall, the product arrived damaged",negative
The delivery was fast,positive
"Overall, the product stopped working",negative
The product works as expected,neutral
Amazing customer service.,positive
Waste of money!,negative
The experience was great.,positive
Very poor quality!,negative
"Honestly, the product works perfectly",positive
It is neither good nor bad.,neutral
I used it for a week,neutral
It meets the basic requirements,neutral
Excellent quality!,positive
"Overall, i am not satisfied",negative
"Overall, waste of money",negative
"Overall, the experience was great",positive
"Overall, the product works perfectly",positive
I regret buying this.,negative
The price is listed on the website,neutral
Completely useless product.,negative
I am not satisfied.,negative
I would definitely recommend it.,positive
"Overall, i really enjoyed this experience",positive
"Overall, the product arrived damaged",negative
"Overall, the delivery was on time",neutral
Customer service was terrible,negative
"Overall, the experience was ordinary",neutral
"Honestly, the service was poor",negative
Very poor quality!,negative
"Overall, this product is amazing",positive
It has the features mentioned!,neutral
"Overall, the package arrived today",neutral
The package arrived today!,neutral
"Overall, i would not recommend this",negative
I would definitely recommend it!,positive
The delivery was fast.,positive
"Overall, the product works perfectly",positive
"Honestly, i received the product yesterday",neutral
"Overall, the experience was horrible",negative
It is an average experience,neutral
Completely useless product.,negative
"Overall, great value for money",positive
I used it for a week!,neutral
The movie was fine.,neutral
"Overall, the experience was great",positive
This is the worst product.,negative
The experience was ordinary.,neutral
Customer service was terrible!,negative
The experience was ordinary.,neutral
I really enjoyed this experience,positive
It does not work properly,negative
Waste of money.,negative
"Overall, the product is currently available",neutral
"Overall, excellent quality",positive
"Honestly, i regret buying this",negative
The product is currently available,neutral
Excellent quality,positive
"Overall, waste of money",negative
"Overall, the experience was great",positive
"Overall, the quality is excellent",positive
This product is terrible!,negative
"Overall, this product is amazing",positive
The product is currently available,neutral
"Honestly, it is an average experience",neutral
"Overall, the product has a simple design",neutral
The service was wonderful.,positive
"Overall, the product has a simple design",neutral
"Honestly, it is an average experience",neutral
The experience was great,positive
"Honestly, great value for money",positive
"Honestly, the price is listed on the website",neutral
"Honestly, the quality is excellent",positive
"Honestly, i am disappointed with the service",negative
The service was poor!,negative
I am disappointed with the service,negative
Very useful and easy to use!,positive
"Honestly, the product has a simple design",neutral
"Overall, it meets the basic requirements",neutral
I am very satisfied,positive
"Overall, the movie was fine",neutral
"Overall, i regret buying this",negative
"Overall, the product works as expected",neutral
"Overall, very happy with my purchase",positive
"Honestly, this is the worst product",negative
The quality is very bad!,negative
The product stopped working.,negative
I am impressed with the quality.,positive
The product has several features.,neutral
I am impressed with the quality.,positive
"Overall, really good experience",positive
Very happy with my purchase,positive
Everything was perfect,positive
This product is terrible,negative
The product is okay,neutral
"Overall, amazing customer service",positive
The package arrived today!,neutral
"Overall, amazing customer service",positive
I am very satisfied,positive
The service was wonderful.,positive
The service was normal!,neutral
"Overall, waste of money",negative
"Overall, i received the product yesterday",neutral
"Honestly, the product has several features",neutral
I would definitely recommend it,positive
"Overall, i hate this product",negative
"Honestly, the product works perfectly",positive
The product exceeded my expectations!,positive
"Honestly, great value for money",positive
"Overall, the service was normal",neutral
"Overall, it has the features mentioned",neutral
The service took two days!,neutral
"Overall, really good experience",positive
Very disappointing!,negative
The product is okay!,neutral
"Honestly, really good experience",positive
The price is listed on the website.,neutral
"Honestly, very poor quality",negative
"Overall, the service was poor",negative
"Overall, it is an average experience",neutral
"Overall, this product is terrible",negative
The movie was fine.,neutral
"Honestly, it has the features mentioned",neutral
I am very satisfied.,positive
The product works perfectly.,positive
"Honestly, i am not satisfied",negative
"Overall, the delivery was on time",neutral
"Honestly, the service was wonderful",positive
I am impressed with the quality,positive
The product is currently available!,neutral
It meets the basic requirements.,neutral
The service took two days.,neutral
"Honestly, very disappointing",negative
The experience was ordinary,neutral
The experience was ordinary.,neutral
This product is amazing.,positive
Very disappointing,negative
Amazing customer service.,positive
"Honestly, the price is listed on the website",neutral
The service is available.,neutral
"Overall, the service was poor",negative
I am not satisfied!,negative
It is an average experience,neutral
The product is currently available.,neutral
"Overall, the service took two days",neutral
"Honestly, the delivery was on time",neutral
"Honestly, excellent quality",positive
"Honestly, it is an average experience",neutral
"Overall, the product arrived damaged",negative
"Honestly, it does not work properly",negative
"Honestly, the experience was great",positive
"Honestly, i would definitely recommend it",positive
I am impressed with the quality!,positive
"Honestly, i am very satisfied",positive
The package arrived today,neutral
The product arrived damaged!,negative
Really good experience.,positive
It has the features mentioned!,neutral
I really enjoyed this experience!,positive
I am impressed with the quality,positive
Very happy with my purchase!,positive
This product is amazing!,positive
The product stopped working,negative
"Honestly, great value for money",positive
"Honestly, the product is currently available",neutral
"Overall, customer service was terrible",negative
"Honestly, very poor quality",negative
"Honestly, great value for money",positive
Very happy with my purchase!,positive
The product stopped working.,negative
"Overall, the experience was ordinary",neutral
It is neither good nor bad!,neutral
"Overall, the product has several features",neutral
"Overall, this product is terrible",negative
"Honestly, the service is available",neutral
It does not work properly,negative
"Overall, the experience was great",positive
"Overall, the quality is excellent",positive
"Overall, very poor quality",negative
"Honestly, i would not recommend this",negative
The experience was horrible.,negative
This product is amazing,positive
Very disappointing!,negative
"Honestly, i love this product",positive
The experience was ordinary,neutral
"Honestly, very poor quality",negative
"Overall, very poor quality",negative
Very happy with my purchase!,positive
This product is amazing!,positive
"Honestly, it is an average experience",neutral
The service was poor.,negative
The service was wonderful.,positive
I am very satisfied,positive
The service took two days.,neutral
The experience was ordinary.,neutral
The movie was fine!,neutral
The quality is very bad.,negative
I used it for a week.,neutral
The service was poor,negative
"Overall, the product is available in different sizes",neutral
It is an average experience,neutral
"Overall, the service was poor",negative
Everything was perfect.,positive
The product exceeded my expectations,positive
I love this product.,positive
"Overall, the service was poor",negative
I would not recommend this,negative
"Honestly, it is neither good nor bad",neutral
The product has several features!,neutral
The product is okay.,neutral
Waste of money!,negative
Waste of money.,negative
The product is currently available!,neutral
The quality is excellent!,positive
I regret buying this!,negative
I am not satisfied!,negative
The package arrived today.,neutral
I really enjoyed this experience!,positive
I would definitely recommend it,positive
"Honestly, i used it for a week",neutral
Excellent quality,positive
It is neither good nor bad!,neutral
The product is okay.,neutral
Very poor quality,negative
It is an average experience,neutral
It is neither good nor bad,neutral
I am impressed with the quality.,positive
"Honestly, the movie was fine",neutral
"Honestly, i am very satisfied",positive
"Honestly, this is fantastic",positive
"Overall, i would not recommend this",negative
I am not satisfied,negative
The service is available,neutral
Extremely frustrating!,negative
The experience was great,positive
The product is available in different sizes.,neutral
This is fantastic!,positive
"Overall, this product is amazing",positive
The service is available.,neutral
I hate this product.,negative
The experience was horrible.,negative
I would not recommend this.,negative
Very disappointing,negative
"Honestly, i am very satisfied",positive
"Honestly, i received the product yesterday",neutral
I love this product.,positive
"Honestly, the service was wonderful",positive
"Overall, really good experience",positive
"Overall, i am disappointed with the service",negative
The quality is excellent.,positive
"Honestly, i received the product yesterday",neutral
This product is amazing,positive
I am impressed with the quality,positive
"Overall, customer service was terrible",negative
I received the product yesterday,neutral
"Honestly, the quality is very bad",negative
"Overall, everything was perfect",positive
The delivery was extremely slow!,negative
The service is available.,neutral
The product works as expected!,neutral
Waste of money,negative
"Overall, the service was normal",neutral
"Honestly, it has the features mentioned",neutral
"Honestly, it is an average experience",neutral
Customer service was terrible!,negative
The quality is very bad.,negative
The experience was horrible,negative
"Honestly, really good experience",positive
"Overall, the product has several features",neutral
This product is amazing!,positive
"Honestly, i am very satisfied",positive
"Honestly, i received the product yesterday",neutral
Great value for money,positive
"Honestly, the experience was horrible",negative
"Overall, the quality is excellent",positive
"Honestly, this is the worst product",negative
It is neither good nor bad!,neutral
"Overall, customer service was terrible",negative
Really good experience.,positive
"Honestly, excellent quality",positive
This is the worst product.,negative
"Overall, it is neither good nor bad",neutral
"Honestly, everything was perfect",positive
I would definitely recommend it!,positive
"Overall, this product is amazing",positive
"Overall, extremely frustrating",negative
"Honestly, excellent quality",positive
The service took two days!,neutral
Really good experience.,positive
"Honestly, i regret buying this",negative
I used it for a week.,neutral
"Honestly, very poor quality",negative
"Overall, i hate this product",negative
This product is amazing!,positive
"Overall, the service was poor",negative
Completely useless product.,negative
Very disappointing,negative
"Overall, this is fantastic",positive
"Honestly, i am very satisfied",positive
"Overall, it meets the basic requirements",neutral
Very poor quality,negative
The movie was fine.,neutral
"Overall, the service is available",neutral
The experience was ordinary!,neutral
"Overall, the service was normal",neutral
I really enjoyed this experience,positive
I am very satisfied!,positive
"Overall, really good experience",positive
I hate this product!,negative
"Overall, the product arrived damaged",negative
"Overall, i regret buying this",negative
Very poor quality.,negative
The price is listed on the website!,neutral
I really enjoyed this experience!,positive
"Overall, excellent quality",positive
Everything was perfect.,positive
"Overall, everything was perfect",positive
"Overall, the service was poor",negative
The price is listed on the website,neutral
The quality is excellent.,positive
I really enjoyed this experience,positive
"Honestly, very happy with my purchase",positive
The service took two days.,neutral
The delivery was extremely slow.,negative
"Honestly, completely useless product",negative
The delivery was extremely slow!,negative
"Honestly, the service took two days",neutral
"Honestly, the experience was horrible",negative
The quality is very bad!,negative
"Honestly, the product works as expected",neutral
"Honestly, i am impressed with the quality",positive
The product is available in different sizes!,neutral
Very happy with my purchase,positive
It meets the basic requirements,neutral
"Overall, the product is available in different sizes",neutral
Everything was perfect,positive
The service was normal,neutral
The product has a simple design!,neutral
The product exceeded my expectations!,positive
The delivery was extremely slow,negative
I regret buying this!,negative
Everything was perfect!,positive
"Honestly, the product has a simple design",neutral
"Overall, the product works as expected",neutral
The product works perfectly.,positive
This product is amazing!,positive
I would definitely recommend it.,positive
"Honestly, the product works as expected",neutral
"Honestly, the movie was fine",neutral
Very happy with my purchase,positive
"Honestly, the product is currently available",neutral
I really enjoyed this experience.,positive
The experience was ordinary.,neutral
"Overall, it meets the basic requirements",neutral
The product is currently available.,neutral
"Honestly, the service was normal",neutral
Customer service was terrible!,negative
I really enjoyed this experience,positive
"Honestly, the experience was ordinary",neutral
I received the product yesterday!,neutral
I am impressed with the quality.,positive
"Overall, waste of money",negative
"Honestly, it is neither good nor bad",neutral
"Overall, the product is available in different sizes",neutral
The product is currently available!,neutral
"Overall, the experience was ordinary",neutral
"Honestly, i hate this product",negative
"Honestly, it meets the basic requirements",neutral
The product works perfectly!,positive
I really enjoyed this experience!,positive
"Honestly, the experience was ordinary",neutral
"Overall, i would definitely recommend it",positive
"Honestly, customer service was terrible",negative
The price is listed on the website,neutral
It is an average experience!,neutral
I regret buying this.,negative
This product is terrible,negative
"Overall, it is neither good nor bad",neutral
"Honestly, i would not recommend this",negative
The experience was horrible.,negative
It is neither good nor bad.,neutral
"Overall, this is the worst product",negative
"Overall, i am disappointed with the service",negative
"Overall, the package arrived today",neutral
"Overall, i am disappointed with the service",negative
The product exceeded my expectations,positive
I am very satisfied,positive
"Overall, everything was perfect",positive
"Honestly, the experience was ordinary",neutral
The delivery was extremely slow,negative
The service was poor,negative
I used it for a week!,neutral
"Honestly, the experience was ordinary",neutral
"Honestly, the service is available",neutral
It is neither good nor bad,neutral
"Honestly, i really enjoyed this experience",positive
The delivery was fast,positive
It has the features mentioned!,neutral
This product is terrible,negative
The experience was horrible!,negative
"Honestly, the experience was horrible",negative
"Overall, this product is terrible",negative
The service was normal.,neutral
The experience was horrible,negative
Completely useless product.,negative
The service was normal,neutral
The experience was horrible!,negative
"Honestly, the service was wonderful",positive
This is fantastic.,positive
"Overall, the product has a simple design",neutral
"Overall, extremely frustrating",negative
This product is amazing.,positive
"Honestly, it is an average experience",neutral
I am very satisfied,positive
The price is listed on the website.,neutral
I hate this product!,negative
Customer service was terrible.,negative
"Honestly, really good experience",positive
"Honestly, this is the worst product",negative
Customer service was terrible.,negative
The product exceeded my expectations.,positive
The product has a simple design,neutral
"Overall, i used it for a week",neutral
I am not satisfied,negative
"Honestly, the delivery was fast",positive
The product has a simple design!,neutral
This is the worst product,negative
Waste of money,negative
The product has several features!,neutral
The product stopped working.,negative
"Honestly, the product arrived damaged",negative
"Honestly, the product stopped working",negative
Very disappointing,negative
"Overall, this product is terrible",negative
Excellent quality.,positive
The product works perfectly,positive
Amazing customer service,positive
"Honestly, completely useless product",negative
"Overall, completely useless product",negative
"Overall, extremely frustrating",negative
"Honestly, very happy with my purchase",positive
I love this product!,positive
This is fantastic.,positive
"Overall, amazing customer service",positive
"Honestly, very poor quality",negative
"Honestly, i regret buying this",negative
The service is available,neutral
"Overall, it has the features mentioned",neutral
"Honestly, the product is okay",neutral
I really enjoyed this experience!,positive
"Honestly, very useful and easy to use",positive
It is an average experience!,neutral
"Overall, i really enjoyed this experience",positive
I would definitely recommend it,positive
I am very satisfied,positive
"Honestly, i am very satisfied",positive
I received the product yesterday.,neutral
"Overall, very useful and easy to use",positive
The product arrived damaged,negative
I love this product,positive
I love this product!,positive
The service is available,neutral
It has the features mentioned!,neutral
The service was wonderful,positive
"Overall, the product arrived damaged",negative
"Honestly, the quality is excellent",positive
Customer service was terrible,negative
"Honestly, the service was wonderful",positive
The experience was ordinary.,neutral
The quality is excellent,positive
"Honestly, i received the product yesterday",neutral
The experience was horrible.,negative
Waste of money!,negative
The product is okay,neutral
"Honestly, i am disappointed with the service",negative
This product is amazing.,positive
"Overall, i am very satisfied",positive
The product has a simple design.,neutral
It is an average experience,neutral
The product works perfectly,positive
The delivery was on time!,neutral
The product works perfectly!,positive
"Overall, great value for money",positive
The experience was horrible!,negative
I would definitely recommend it,positive
I would not recommend this,negative
This is the worst product,negative
Waste of money!,negative
It does not work properly.,negative
The product arrived damaged.,negative
"Honestly, very disappointing",negative
"Honestly, the product exceeded my expectations",positive
It does not work properly!,negative
"Overall, i would definitely recommend it",positive
"Honestly, the delivery was on time",neutral
Everything was perfect!,positive
The service was poor.,negative
Amazing customer service!,positive
"Overall, the delivery was extremely slow",negative
I am disappointed with the service,negative
I am disappointed with the service!,negative
I really enjoyed this experience.,positive
The delivery was extremely slow!,negative
"Honestly, the delivery was extremely slow",negative
The product is currently available,neutral
The quality is very bad,negative
"Honestly, the experience was great",positive
"Honestly, the experience was horrible",negative
"Honestly, the product stopped working",negative
Great value for money.,positive
I love this product!,positive
Everything was perfect!,positive
"Honestly, it is an average experience",neutral
"Overall, this is fantastic",positive
"Overall, it is neither good nor bad",neutral
The delivery was extremely slow!,negative
"Honestly, great value for money",positive
"Overall, extremely frustrating",negative
I am very satisfied.,positive
The quality is excellent.,positive
I am not satisfied!,negative
I regret buying this!,negative
The product has a simple design.,neutral
I am not satisfied.,negative
"Overall, the delivery was extremely slow",negative
It has the features mentioned.,neutral
"Overall, this product is terrible",negative
"Honestly, extremely frustrating",negative
The product works perfectly,positive
"Overall, the experience was great",positive
I would not recommend this.,negative
"Overall, the product has several features",neutral
Extremely frustrating.,negative
"Overall, the product works perfectly",positive
The product works as expected.,neutral
The product exceeded my expectations,positive
I regret buying this.,negative
The product is currently available.,neutral
I would definitely recommend it!,positive
It is neither good nor bad,neutral
"Honestly, i am impressed with the quality",positive
"Honestly, the product has a simple design",neutral
"Overall, the service was poor",negative
This is fantastic,positive
It is an average experience!,neutral
Amazing customer service,positive
I regret buying this.,negative
"Honestly, the experience was horrible",negative
It is neither good nor bad.,neutral
"Honestly, it has the features mentioned",neutral
"Honestly, the experience was ordinary",neutral
"Honestly, it has the features mentioned",neutral
"Overall, it does not work properly",negative
"Honestly, this product is amazing",positive
The service was wonderful,positive
"Overall, very poor quality",negative
This is fantastic.,positive
This is the worst product!,negative
The delivery was on time!,neutral
"Honestly, the product is available in different sizes",neutral
The delivery was fast!,positive
"Overall, this is the worst product",negative
The product has several features.,neutral
This is fantastic.,positive
The delivery was on time,neutral
"Honestly, the product exceeded my expectations",positive
"Honestly, i am disappointed with the service",negative
"Overall, the product stopped working",negative
"Overall, the quality is very bad",negative
"Overall, the service was normal",neutral
Great value for money.,positive
The package arrived today,neutral
"Overall, this is the worst product",negative
This product is terrible,negative
This is fantastic.,positive
"Overall, it has the features mentioned",neutral
The product has a simple design!,neutral
Customer service was terrible,negative
"Honestly, the service is available",neutral
Great value for money!,positive
Everything was perfect!,positive
I am very satisfied,positive
Great value for money.,positive
The product is available in different sizes,neutral
"Honestly, it does not work properly",negative
"Honestly, very disappointing",negative
Very disappointing.,negative
I regret buying this,negative
The delivery was extremely slow,negative
The delivery was fast,positive
"Honestly, the experience was great",positive
"Honestly, the delivery was extremely slow",negative
This product is terrible,negative
"Overall, the package arrived today",neutral
"Honestly, everything was perfect",positive
"Honestly, the delivery was on time",neutral
The product exceeded my expectations,positive
"Overall, amazing customer service",positive
The experience was horrible.,negative
I love this product.,positive
The product has a simple design,neutral
I regret buying this!,negative
I hate this product.,negative
The product exceeded my expectations!,positive
This product is terrible,negative
"Honestly, the delivery was fast",positive
"Honestly, the price is listed on the website",neutral
This product is amazing,positive
"Honestly, the experience was horrible",negative
"Overall, the quality is very bad",negative
The product is available in different sizes,neutral
"Honestly, the product has several features",neutral
"Overall, it meets the basic requirements",neutral
"Honestly, the experience was great",positive
I love this product,positive
The product is available in different sizes!,neutral
"Honestly, i love this product",positive
Amazing customer service!,positive
It is an average experience,neutral
I regret buying this,negative
It meets the basic requirements!,neutral
"Overall, the product works perfectly",positive
This is fantastic,positive
"Honestly, this is fantastic",positive
"Overall, the product exceeded my expectations",positive
The delivery was fast!,positive
"Honestly, the quality is excellent",positive
I regret buying this!,negative
The product exceeded my expectations!,positive
It meets the basic requirements,neutral
"Overall, the delivery was extremely slow",negative
"Overall, this is the worst product",negative
The price is listed on the website,neutral
The service is available!,neutral
Great value for money!,positive
The quality is very bad.,negative
"Honestly, excellent quality",positive
It has the features mentioned!,neutral
It is neither good nor bad,neutral
"Overall, very disappointing",negative
The product exceeded my expectations.,positive
It does not work properly,negative
Very disappointing!,negative
"Overall, i would definitely recommend it",positive
"Overall, the product exceeded my expectations",positive
The product stopped working,negative
This product is amazing,positive
"Honestly, i am not satisfied",negative
The product has several features!,neutral
"Overall, the experience was horrible",negative
I am very satisfied,positive
"Honestly, the price is listed on the website",neutral
The experience was ordinary.,neutral
"Honestly, customer service was terrible",negative
The quality is very bad,negative
"Honestly, i regret buying this",negative
I regret buying this.,negative
"Overall, it is an average experience",neutral
I would definitely recommend it.,positive
The service was normal.,neutral
The product is okay,neutral
The product arrived damaged.,negative
It is neither good nor bad.,neutral
"Honestly, the service took two days",neutral
The delivery was on time!,neutral
The package arrived today!,neutral
"Honestly, very poor quality",negative
The product has several features.,neutral
"Honestly, the product stopped working",negative
The product has several features.,neutral
"Honestly, the service was normal",neutral
"Overall, i used it for a week",neutral
Excellent quality.,positive
"Honestly, the quality is excellent",positive
"Overall, the experience was great",positive
Waste of money.,negative
The product stopped working!,negative
"Overall, really good experience",positive
"Overall, the experience was ordinary",neutral
The service was wonderful.,positive
This is the worst product,negative
I am disappointed with the service.,negative
Very poor quality!,negative
The product has a simple design.,neutral
The product arrived damaged,negative
I really enjoyed this experience.,positive
Customer service was terrible!,negative
I am not satisfied.,negative
The experience was horrible!,negative
I am impressed with the quality,positive
Amazing customer service,positive
"Honestly, completely useless product",negative
The service was poor!,negative
The product works perfectly!,positive
I used it for a week.,neutral
"Honestly, the experience was horrible",negative
"Overall, extremely frustrating",negative
"Overall, the product works perfectly",positive
Very poor quality!,negative
I regret buying this,negative
Customer service was terrible!,negative
I am disappointed with the service,negative
I am impressed with the quality!,positive
This is the worst product!,negative
"Honestly, the product stopped working",negative
"Honestly, the price is listed on the website",neutral
"Honestly, very useful and easy to use",positive
The service was normal!,neutral
The service was wonderful!,positive
Really good experience.,positive
"Overall, this is fantastic",positive
I am disappointed with the service,negative
"Honestly, everything was perfect",positive
I am impressed with the quality!,positive
Everything was perfect.,positive
The quality is excellent!,positive
It does not work properly,negative
Very happy with my purchase.,positive
This product is terrible.,negative
"Honestly, i really enjoyed this experience",positive
The service was poor,negative
"Overall, i am very satisfied",positive
"Overall, i am very satisfied",positive
"Overall, the experience was great",positive
This product is terrible!,negative
Very useful and easy to use,positive
I used it for a week.,neutral
Very disappointing!,negative
Really good experience,positive
"Overall, great value for money",positive
The product works as expected,neutral
Everything was perfect.,positive
I would definitely recommend it!,positive
It meets the basic requirements.,neutral
The package arrived today,neutral
I love this product,positive
"Honestly, excellent quality",positive
"Overall, i am very satisfied",positive
Everything was perfect,positive
Great value for money.,positive
It is an average experience.,neutral
"Honestly, extremely frustrating",negative
It does not work properly!,negative
I regret buying this.,negative
The service is available!,neutral
"Overall, it meets the basic requirements",neutral
The service was wonderful.,positive
"Overall, the service was poor",negative
The delivery was extremely slow!,negative
"Honestly, the package arrived today",neutral
I am not satisfied,negative
Really good experience,positive
Everything was perfect,positive
I used it for a week.,neutral
The service was normal,neutral
"Honestly, the product works as expected",neutral
I would definitely recommend it,positive
"Honestly, completely useless product",negative
I regret buying this,negative
"Overall, the product has a simple design",neutral
"Honestly, this is fantastic",positive
"Overall, i am very satisfied",positive
"Overall, the service was normal",neutral
"Honestly, amazing customer service",positive
The product works perfectly!,positive
The experience was ordinary.,neutral
"Honestly, very poor quality",negative
Completely useless product.,negative
I would definitely recommend it.,positive
"Overall, very poor quality",negative
The product is available in different sizes.,neutral
Customer service was terrible,negative
"Honestly, the product arrived damaged",negative
I hate this product.,negative
"Honestly, completely useless product",negative
It is an average experience!,neutral
"Honestly, the product has several features",neutral
Very happy with my purchase!,positive
"Overall, this is the worst product",negative
"Honestly, i hate this product",negative
"Honestly, completely useless product",negative
"Honestly, excellent quality",positive
"Honestly, very poor quality",negative
The price is listed on the website.,neutral
The product works as expected.,neutral
I received the product yesterday.,neutral
"Honestly, extremely frustrating",negative
The service was normal,neutral
"Honestly, the delivery was fast",positive
"Overall, the experience was great",positive
The delivery was fast.,positive
"Overall, excellent quality",positive
The product is currently available.,neutral
Extremely frustrating,negative
The experience was horrible!,negative
Very happy with my purchase!,positive
"Overall, the experience was great",positive
"Overall, i used it for a week",neutral
Excellent quality,positive
I used it for a week.,neutral
"Honestly, i am not satisfied",negative
The experience was horrible.,negative
The product has several features,neutral
I received the product yesterday,neutral
I received the product yesterday.,neutral
Very disappointing.,negative
The movie was fine,neutral
"Overall, the product exceeded my expectations",positive
"Honestly, the quality is excellent",positive
"Honestly, i am not satisfied",negative
The service was normal.,neutral
"Overall, it is an average experience",neutral
It has the features mentioned.,neutral
The experience was great!,positive
"Honestly, the product works as expected",neutral
"Overall, the product has a simple design",neutral
It has the features mentioned.,neutral
Great value for money!,positive
"Honestly, amazing customer service",positive
"Honestly, amazing customer service",positive
Very useful and easy to use!,positive
I would definitely recommend it.,positive
"Overall, extremely frustrating",negative
I would definitely recommend it,positive
"Honestly, i am very satisfied",positive
Very poor quality!,negative
The product works as expected,neutral
I am not satisfied,negative
"Honestly, i am not satisfied",negative
I used it for a week.,neutral
The service took two days!,neutral
The product is okay.,neutral
"Overall, this is fantastic",positive
"Honestly, the service took two days",neutral
"Honestly, the service was normal",neutral
"Overall, the delivery was extremely slow",negative
Waste of money.,negative
Very useful and easy to use.,positive
It meets the basic requirements,neutral
It does not work properly!,negative
"Overall, the product has a simple design",neutral
The service was wonderful.,positive
"Honestly, i am not satisfied",negative
"Honestly, i would definitely recommend it",positive
"Honestly, the product exceeded my expectations",positive
The product works as expected!,neutral
"Honestly, the product is available in different sizes",neutral
Great value for money.,positive
I am very satisfied,positive
The service was normal!,neutral
"Honestly, the product is available in different sizes",neutral
Everything was perfect!,positive
"Overall, the product works perfectly",positive
"Honestly, really good experience",positive
I am very satisfied!,positive
"Overall, i hate this product",negative
The quality is very bad,negative
"Overall, it meets the basic requirements",neutral
"Overall, the package arrived today",neutral
"Honestly, i used it for a week",neutral
"Honestly, the product stopped working",negative
It is neither good nor bad.,neutral
The quality is very bad,negative
"Honestly, i am impressed with the quality",positive
I regret buying this!,negative
"Overall, it has the features mentioned",neutral
Very poor quality!,negative
"Overall, the service was wonderful",positive
The product is currently available,neutral
"Honestly, this product is terrible",negative
It meets the basic requirements,neutral
"Overall, i hate this product",negative
"Honestly, i would not recommend this",negative
"Overall, the product has several features",neutral
"Honestly, the product works as expected",neutral
Very poor quality,negative
"Honestly, the price is listed on the website",neutral
The product is available in different sizes,neutral
"Honestly, everything was perfect",positive
This is fantastic!,positive
The product works as expected,neutral
"Overall, excellent quality",positive
The movie was fine,neutral
"Honestly, the movie was fine",neutral
"Honestly, the quality is excellent",positive
Very useful and easy to use.,positive
I am disappointed with the service!,negative
The experience was great.,positive
"Honestly, the product works as expected",neutral
"Overall, i used it for a week",neutral
It is neither good nor bad,neutral
"Overall, great value for money",positive
Extremely frustrating.,negative
It does not work properly.,negative
Extremely frustrating,negative
"Overall, the movie was fine",neutral
The product arrived damaged!,negative
"Overall, the delivery was extremely slow",negative
I really enjoyed this experience.,positive
"Honestly, the package arrived today",neutral
Extremely frustrating!,negative
I received the product yesterday!,neutral
"Overall, the quality is very bad",negative
I used it for a week!,neutral
"Honestly, it does not work properly",negative
Very disappointing,negative
"Overall, very happy with my purchase",positive
It is an average experience.,neutral
I would definitely recommend it,positive
Customer service was terrible,negative
I received the product yesterday,neutral
"Overall, completely useless product",negative
The product has a simple design!,neutral
"Overall, the movie was fine",neutral
"Honestly, the service took two days",neutral
The experience was horrible!,negative
The product works perfectly.,positive
Completely useless product.,negative
This product is terrible!,negative
It has the features mentioned,neutral
The product is currently available!,neutral
The service was wonderful!,positive
"Honestly, i am disappointed with the service",negative
"Honestly, i am impressed with the quality",positive
"Honestly, the product is available in different sizes",neutral
"Overall, i hate this product",negative
I would definitely recommend it!,positive
This product is terrible,negative
It has the features mentioned,neutral
"Honestly, very poor quality",negative
Amazing customer service.,positive
The service was normal.,neutral
"Honestly, i used it for a week",neutral
I am not satisfied.,negative
"Overall, i am disappointed with the service",negative
"Overall, great value for money",positive
"Honestly, the product arrived damaged",negative
"Honestly, really good experience",positive
The delivery was fast,positive
The product arrived damaged.,negative
This product is amazing,positive
Everything was perfect!,positive
Amazing customer service.,positive
"Overall, the service is available",neutral
"Honestly, it is an average experience",neutral
Everything was perfect!,positive
Very poor quality!,negative
"Overall, the service took two days",neutral
The package arrived today,neutral
The experience was great.,positive
"Honestly, the quality is very bad",negative
"Overall, this is the worst product",negative
It is neither good nor bad!,neutral
Customer service was terrible.,negative
Extremely frustrating,negative
"Honestly, really good experience",positive
"Overall, the product works perfectly",positive
Completely useless product!,negative
The product is available in different sizes,neutral
"Honestly, the service was poor",negative
The movie was fine!,neutral
"Honestly, the product stopped working",negative
The service was poor,negative
The product is available in different sizes!,neutral
"Honestly, i am very satisfied",positive
"Overall, i am impressed with the quality",positive
"Overall, i hate this product",negative
Everything was perfect,positive
"Overall, i really enjoyed this experience",positive
"Overall, the service took two days",neutral
"Overall, the price is listed on the website",neutral
The quality is very bad,negative
The movie was fine!,neutral
The product exceeded my expectations,positive
I am impressed with the quality.,positive
I love this product!,positive
"Honestly, the delivery was fast",positive
The movie was fine.,neutral
"Honestly, the experience was ordinary",neutral
"Overall, the service is available",neutral
The product works as expected,neutral
"Overall, i really enjoyed this experience",positive
I am disappointed with the service,negative
I love this product!,positive
I received the product yesterday.,neutral
Everything was perfect!,positive
"Honestly, i would definitely recommend it",positive
"Honestly, the product stopped working",negative
"Overall, waste of money",negative
The service was wonderful!,positive
I am disappointed with the service!,negative
This is fantastic,positive
"Overall, this is fantastic",positive
"Honestly, the experience was great",positive
Completely useless product,negative
"Overall, the product has several features",neutral
The product arrived damaged!,negative
Everything was perfect!,positive
"Overall, it meets the basic requirements",neutral
"Honestly, the product stopped working",negative
Extremely frustrating!,negative
"Honestly, very disappointing",negative
The product is available in different sizes!,neutral
Really good experience.,positive
"Honestly, the quality is excellent",positive
The experience was ordinary,neutral
It is an average experience.,neutral
"Overall, the service was poor",negative
"Overall, great value for money",positive
The product stopped working.,negative
"Overall, completely useless product",negative
"Honestly, this is the worst product",negative
"Honestly, extremely frustrating",negative
I am disappointed with the service.,negative
The service took two days.,neutral
"Honestly, customer service was terrible",negative
"Overall, the service was wonderful",positive
The quality is very bad.,negative
Amazing customer service,positive
"Overall, the delivery was fast",positive
The delivery was extremely slow.,negative
"Honestly, i really enjoyed this experience",positive
The service was normal.,neutral
Everything was perfect!,positive
The product has several features.,neutral
Very disappointing!,negative
Amazing customer service,positive
"Overall, very poor quality",negative
Excellent quality!,positive
The product works perfectly,positive
It has the features mentioned.,neutral
"Overall, it has the features mentioned",neutral
I am impressed with the quality!,positive
The product exceeded my expectations.,positive
Very happy with my purchase!,positive
"Honestly, really good experience",positive
Everything was perfect!,positive
"Overall, excellent quality",positive
"Honestly, waste of money",negative
"Honestly, this product is amazing",positive
I would not recommend this.,negative
The product exceeded my expectations,positive
The experience was great.,positive
"Honestly, everything was perfect",positive
Great value for money!,positive
Amazing customer service!,positive
I really enjoyed this experience,positive
"Overall, this is the worst product",negative
"Overall, it is an average experience",neutral
Everything was perfect,positive
I love this product!,positive
The product exceeded my expectations!,positive
"Honestly, the product is currently available",neutral
It is an average experience,neutral
I am impressed with the quality,positive
"Honestly, very disappointing",negative
The service was wonderful.,positive
The service is available!,neutral
Excellent quality.,positive
This product is terrible,negative
This is fantastic!,positive
"Overall, the movie was fine",neutral
Customer service was terrible!,negative
Excellent quality.,positive
"Honestly, this is the worst product",negative
I am very satisfied,positive
"Overall, the service took two days",neutral
"Honestly, the product is okay",neutral
The delivery was extremely slow,negative
The service took two days,neutral
The product is currently available!,neutral
"Honestly, i love this product",positive
"Honestly, the experience was horrible",negative
The experience was horrible!,negative
"Overall, the service was poor",negative
"Honestly, i would not recommend this",negative
The experience was great,positive
This product is amazing!,positive
"Overall, the quality is excellent",positive
It is neither good nor bad.,neutral
"Overall, the experience was horrible",negative
"Overall, i am very satisfied",positive
"Overall, customer service was terrible",negative
"Honestly, i received the product yesterday",neutral
The delivery was extremely slow.,negative
"Overall, it has the features mentioned",neutral
"Honestly, this is fantastic",positive
The experience was ordinary!,neutral
Very useful and easy to use.,positive
"Honestly, i am very satisfied",positive
The delivery was on time!,neutral
I love this product.,positive
I would definitely recommend it,positive
I am not satisfied!,negative
The product is available in different sizes!,neutral
"Honestly, the product exceeded my expectations",positive
"Overall, i hate this product",negative
I would definitely recommend it!,positive
"Overall, the product stopped working",negative
Amazing customer service,positive
Waste of money!,negative
Extremely frustrating.,negative
"Honestly, very poor quality",negative
Customer service was terrible!,negative
"Honestly, the product exceeded my expectations",positive
The price is listed on the website.,neutral
Excellent quality!,positive
The experience was great!,positive
Everything was perfect,positive
"Overall, excellent quality",positive
I hate this product,negative
The delivery was fast,positive
"Honestly, very useful and easy to use",positive
"Honestly, it has the features mentioned",neutral
It is an average experience,neutral
I used it for a week.,neutral
The experience was great!,positive
Completely useless product.,negative
"Overall, this is fantastic",positive
The product is currently available,neutral
Waste of money,negative
The product arrived damaged!,negative
"Overall, i really enjoyed this experience",positive
The experience was horrible,negative
The delivery was fast!,positive
Amazing customer service,positive
The experience was great.,positive
"Honestly, the product works perfectly",positive
Excellent quality.,positive
"Honestly, the price is listed on the website",neutral
"Overall, the experience was horrible",negative
Waste of money.,negative
"Overall, amazing customer service",positive
The service took two days!,neutral
"Honestly, the quality is very bad",negative
The experience was ordinary!,neutral
"Honestly, the product has several features",neutral
It is an average experience!,neutral
"Overall, very happy with my purchase",positive
The product is currently available.,neutral
Great value for money,positive
"Honestly, this product is terrible",negative
"Honestly, i really enjoyed this experience",positive
Great value for money.,positive
The product works perfectly.,positive
"Honestly, the quality is very bad",negative
"Honestly, i love this product",positive
The service was wonderful.,positive
"Overall, amazing customer service",positive
Great value for money,positive
"Honestly, the product is available in different sizes",neutral
Completely useless product!,negative
The quality is very bad!,negative
The product is okay,neutral
It is neither good nor bad,neutral
The product arrived damaged.,negative
"Overall, the quality is very bad",negative
Completely useless product,negative
The delivery was fast,positive
"Honestly, very disappointing",negative
Really good experience!,positive
The quality is very bad!,negative
This product is terrible!,negative
Everything was perfect.,positive
The package arrived today!,neutral
"Honestly, this is fantastic",positive
Very happy with my purchase!,positive
"Overall, this is fantastic",positive
"Overall, i would not recommend this",negative
"Honestly, the package arrived today",neutral
The product arrived damaged.,negative
"Honestly, the product is okay",neutral
"Honestly, the product has a simple design",neutral
"Overall, everything was perfect",positive
Extremely frustrating.,negative
"Honestly, the product has a simple design",neutral
I am disappointed with the service.,negative
"Overall, the experience was ordinary",neutral
The product stopped working.,negative
Completely useless product!,negative
I used it for a week!,neutral
It has the features mentioned,neutral
It does not work properly,negative
The delivery was extremely slow!,negative
I used it for a week!,neutral
The experience was horrible!,negative
I am very satisfied!,positive
The movie was fine.,neutral
"Honestly, i love this product",positive
"Overall, it has the features mentioned",neutral
"Overall, the price is listed on the website",neutral
The service was wonderful!,positive
It meets the basic requirements.,neutral
Customer service was terrible.,negative
The movie was fine,neutral
"Honestly, this product is amazing",positive
I am not satisfied,negative
The service was wonderful.,positive
The service was wonderful.,positive
Excellent quality.,positive
"Honestly, i would definitely recommend it",positive
"Honestly, completely useless product",negative
Great value for money.,positive
This product is terrible!,negative
I am impressed with the quality!,positive
The quality is very bad!,negative
"Honestly, great value for money",positive
"Honestly, i am disappointed with the service",negative
The service took two days.,neutral
"Overall, it meets the basic requirements",neutral
Very poor quality,negative
"Honestly, the experience was ordinary",neutral
"Honestly, the service is available",neutral
"Honestly, really good experience",positive
It does not work properly,negative
"Overall, the service is available",neutral
The quality is excellent.,positive
"Honestly, extremely frustrating",negative
"Overall, the service was poor",negative
I am not satisfied!,negative
I am disappointed with the service,negative
The service took two days!,neutral
The service took two days.,neutral
"Overall, very useful and easy to use",positive
The experience was ordinary.,neutral
The delivery was on time,neutral
The product is available in different sizes.,neutral
"Overall, the quality is excellent",positive
The product works as expected!,neutral
Completely useless product!,negative
"Honestly, the service took two days",neutral
"Overall, the delivery was extremely slow",negative
I am very satisfied.,positive
I would definitely recommend it.,positive
The product is available in different sizes,neutral
This is fantastic,positive
"Honestly, the product exceeded my expectations",positive
"Honestly, i am very satisfied",positive
Very poor quality,negative
The experience was great,positive
"Overall, the experience was ordinary",neutral
The product is available in different sizes.,neutral
The product is currently available,neutral
"Overall, the quality is excellent",positive
The service was wonderful,positive
I am very satisfied!,positive
"Overall, extremely frustrating",negative
This is fantastic.,positive
The product is okay.,neutral
"Overall, i am disappointed with the service",negative
I am impressed with the quality.,positive
Very poor quality.,negative
"Honestly, the product has several features",neutral
The service is available!,neutral
Really good experience,positive
"Overall, this is fantastic",positive
"Honestly, the product is available in different sizes",neutral
"Overall, the service was normal",neutral
I used it for a week!,neutral
Really good experience,positive
"Overall, customer service was terrible",negative
The product has several features.,neutral
"Overall, excellent quality",positive
"Honestly, excellent quality",positive
It is neither good nor bad,neutral
The product is available in different sizes!,neutral
Great value for money.,positive
Excellent quality,positive
The service was poor!,negative
"Overall, very happy with my purchase",positive
Customer service was terrible.,negative
"Overall, the product is okay",neutral
The service was wonderful!,positive
I received the product yesterday!,neutral
"Overall, customer service was terrible",negative
The delivery was fast!,positive
It is neither good nor bad!,neutral
"Honestly, really good experience",positive
Really good experience,positive
The product works perfectly!,positive
"Honestly, i would not recommend this",negative
I would not recommend this!,negative
Everything was perfect!,positive
I hate this product!,negative
"Overall, i am not satisfied",negative
"Overall, the product works perfectly",positive
The product exceeded my expectations.,positive
Very poor quality,negative
Waste of money!,negative
"Overall, the product works as expected",neutral
I am disappointed with the service,negative
The service was wonderful,positive
The product stopped working,negative
It does not work properly!,negative
Amazing customer service,positive
"Overall, great value for money",positive
The service was wonderful.,positive
I would not recommend this!,negative
"Overall, the delivery was extremely slow",negative
"Overall, i regret buying this",negative
"Honestly, it has the features mentioned",neutral
The delivery was on time!,neutral
I would definitely recommend it!,positive
"Honestly, i used it for a week",neutral
This is the worst product!,negative
"Honestly, the delivery was fast",positive
"Honestly, the service was poor",negative
I hate this product!,negative
I would definitely recommend it!,positive
It is an average experience!,neutral
"Honestly, the experience was great",positive
The product has a simple design.,neutral
The delivery was on time.,neutral
I received the product yesterday!,neutral
"Honestly, completely useless product",negative
"Overall, excellent quality",positive
"Honestly, i am very satisfied",positive
"Honestly, very useful and easy to use",positive
Amazing customer service,positive
This product is terrible,negative
"Honestly, customer service was terrible",negative
I am very satisfied,positive
"Honestly, great value for money",positive
Very poor quality.,negative
The delivery was on time!,neutral
The quality is excellent!,positive
The product has several features!,neutral
The service is available!,neutral
The delivery was extremely slow,negative
The product is currently available!,neutral
It meets the basic requirements!,neutral
I am impressed with the quality,positive
I would not recommend this,negative
Very happy with my purchase,positive
The delivery was extremely slow.,negative
"Honestly, the product stopped working",negative
Really good experience!,positive
Customer service was terrible,negative
The experience was horrible!,negative
The price is listed on the website.,neutral
The price is listed on the website.,neutral
Waste of money.,negative
"Overall, i love this product",positive
I am impressed with the quality.,positive
The experience was horrible!,negative
"Honestly, it meets the basic requirements",neutral
The product stopped working!,negative
The product stopped working!,negative
I hate this product,negative
"Overall, excellent quality",positive
"Overall, the experience was ordinary",neutral
"Overall, the package arrived today",neutral
"Overall, the quality is very bad",negative
"Honestly, very useful and easy to use",positive
The product exceeded my expectations,positive
Great value for money.,positive
Very disappointing!,negative
"Honestly, the movie was fine",neutral
"Overall, everything was perfect",positive
"Overall, the experience was great",positive
"Honestly, i would definitely recommend it",positive
"Honestly, the delivery was on time",neutral
"Honestly, i would definitely recommend it",positive
"Honestly, this is fantastic",positive
"Honestly, the product exceeded my expectations",positive
This product is amazing!,positive
"Honestly, everything was perfect",positive
It does not work properly,negative
The service took two days.,neutral
"Overall, excellent quality",positive
"Honestly, the service is available",neutral
The price is listed on the website.,neutral
"Honestly, i really enjoyed this experience",positive
"Overall, it has the features mentioned",neutral
"Honestly, i love this product",positive
This product is terrible,negative
"Overall, it is an average experience",neutral
"Honestly, amazing customer service",positive
Great value for money.,positive
"Overall, i would definitely recommend it",positive
I would not recommend this!,negative
The product has several features!,neutral
I am disappointed with the service.,negative
The service is available!,neutral
"Honestly, very happy with my purchase",positive
Amazing customer service.,positive
The product is okay,neutral
Very poor quality.,negative
"Honestly, this product is terrible",negative
"Overall, the delivery was on time",neutral
It is neither good nor bad.,neutral
"Overall, completely useless product",negative
I received the product yesterday.,neutral
I received the product yesterday.,neutral
The product has a simple design.,neutral
The product is available in different sizes,neutral
The product has a simple design.,neutral
"Overall, the product works as expected",neutral
"Overall, i really enjoyed this experience",positive
The product has several features,neutral
"Honestly, i regret buying this",negative
Very poor quality,negative
Waste of money.,negative
"Overall, the experience was ordinary",neutral
Everything was perfect.,positive
"Overall, the product is okay",neutral
The service took two days.,neutral
"Honestly, the movie was fine",neutral
"Overall, i am disappointed with the service",negative
"Honestly, it is neither good nor bad",neutral
"Overall, the product is available in different sizes",neutral
"Overall, the delivery was extremely slow",negative
I would definitely recommend it!,positive
"Overall, the service was normal",neutral
"Honestly, the product works as expected",neutral
Customer service was terrible,negative
"Honestly, the delivery was extremely slow",negative
Extremely frustrating,negative
The experience was horrible.,negative
I received the product yesterday!,neutral
"Honestly, great value for money",positive
"Overall, really good experience",positive
"Honestly, this is the worst product",negative
I am very satisfied!,positive
"Overall, completely useless product",negative
Amazing customer service.,positive
The delivery was fast.,positive
I am disappointed with the service.,negative
"Honestly, it is an average experience",neutral
I hate this product,negative
The product is okay!,neutral
The service is available,neutral
"Honestly, the product has several features",neutral
"Honestly, i love this product",positive
I would definitely recommend it,positive
It does not work properly,negative
The experience was great.,positive
The product is currently available,neutral
The experience was ordinary!,neutral
I am not satisfied!,negative
It is an average experience.,neutral
"Honestly, the service was poor",negative
I am very satisfied,positive
"Honestly, very disappointing",negative
Very poor quality!,negative
Everything was perfect,positive
I am very satisfied!,positive
"Overall, very useful and easy to use",positive
The service was wonderful.,positive
Extremely frustrating,negative
"Overall, completely useless product",negative
Completely useless product.,negative
I really enjoyed this experience,positive
"Overall, very poor quality",negative
This is the worst product,negative
I would definitely recommend it.,positive
The product is okay,neutral
Everything was perfect,positive
The delivery was fast,positive
"Honestly, waste of money",negative
"Honestly, i am not satisfied",negative
"Overall, very happy with my purchase",positive
Very disappointing,negative
The product works perfectly,positive
"Honestly, really good experience",positive
The product arrived damaged.,negative
The product works as expected!,neutral
Extremely frustrating!,negative
The service is available.,neutral
The product arrived damaged!,negative
Very useful and easy to use,positive
The experience was great.,positive
The service was poor!,negative
"Honestly, very poor quality",negative
"Honestly, this is the worst product",negative
"Honestly, very poor quality",negative
I would not recommend this!,negative
Extremely frustrating.,negative
"Overall, the product has several features",neutral
The product arrived damaged.,negative
"Honestly, the package arrived today",neutral
Amazing customer service,positive
"Honestly, it meets the basic requirements",neutral
"Honestly, extremely frustrating",negative
"Honestly, the quality is excellent",positive
The movie was fine!,neutral
"Overall, the service was normal",neutral
The product is currently available,neutral
"Honestly, i hate this product",negative
I would not recommend this!,negative
"Overall, i really enjoyed this experience",positive
The service was normal.,neutral
I am impressed with the quality,positive
"Overall, it is neither good nor bad",neutral
"Overall, the product is currently available",neutral
Completely useless product!,negative
"Honestly, the product is okay",neutral
The experience was great!,positive
The experience was great,positive
The experience was ordinary!,neutral
It is neither good nor bad!,neutral
The product has a simple design.,neutral
"Honestly, very disappointing",negative
I used it for a week!,neutral
The delivery was fast!,positive
The delivery was fast,positive
This is the worst product!,negative
"Honestly, the package arrived today",neutral
The service was normal!,neutral
I am disappointed with the service.,negative
The product stopped working.,negative
It meets the basic requirements.,neutral
"Honestly, the service was wonderful",positive
"Overall, the service is available",neutral
"Overall, i received the product yesterday",neutral
The product works perfectly,positive
"Overall, very disappointing",negative
Excellent quality.,positive
"Overall, i really enjoyed this experience",positive
"Overall, the experience was horrible",negative
The product is available in different sizes.,neutral
Waste of money,negative
The product has several features.,neutral
I am disappointed with the service.,negative
I received the product yesterday.,neutral
The experience was horrible!,negative
I received the product yesterday,neutral
Very disappointing!,negative
The quality is very bad,negative
I am not satisfied.,negative
The quality is excellent!,positive
"Overall, i am very satisfied",positive
"Overall, the product has a simple design",neutral
"Honestly, customer service was terrible",negative
It meets the basic requirements,neutral
"Overall, very happy with my purchase",positive
I love this product,positive
"Honestly, the quality is excellent",positive
"Overall, the experience was great",positive
"Honestly, this is fantastic",positive
The experience was great,positive
The product stopped working.,negative
The service took two days!,neutral
It does not work properly.,negative
It is neither good nor bad!,neutral
Completely useless product!,negative
The product has several features,neutral
The product exceeded my expectations,positive
"Honestly, it is neither good nor bad",neutral
"Overall, i regret buying this",negative
"Honestly, i really enjoyed this experience",positive
"Honestly, really good experience",positive
The delivery was on time.,neutral
"Overall, it does not work properly",negative
"Overall, i regret buying this",negative
This is the worst product,negative
"Overall, very disappointing",negative
This is the worst product!,negative
The product works as expected,neutral
Very poor quality!,negative
Very happy with my purchase.,positive
"Overall, the product is currently available",neutral
"Honestly, this is the worst product",negative
"Honestly, i would definitely recommend it",positive
The price is listed on the website.,neutral
The service is available.,neutral
"Honestly, very happy with my purchase",positive
I would definitely recommend it,positive
The product has several features.,neutral
The quality is very bad.,negative
The delivery was fast.,positive
Very poor quality,negative
The experience was great!,positive
"Honestly, the experience was horrible",negative
The experience was ordinary,neutral
I really enjoyed this experience!,positive
The movie was fine!,neutral
"Honestly, amazing customer service",positive
The quality is very bad,negative
"Honestly, extremely frustrating",negative
The movie was fine,neutral
"Honestly, the service is available",neutral
I am disappointed with the service,negative
"Overall, i received the product yesterday",neutral
"Honestly, very happy with my purchase",positive
The service was wonderful!,positive
I am disappointed with the service!,negative
"Overall, it has the features mentioned",neutral
"Honestly, customer service was terrible",negative
"Overall, waste of money",negative
"Honestly, the package arrived today",neutral
Very poor quality!,negative
The product has several features.,neutral
This product is amazing,positive
Very happy with my purchase,positive
"Overall, i received the product yesterday",neutral
Amazing customer service.,positive
The product works perfectly,positive
The price is listed on the website,neutral
"Honestly, this is fantastic",positive
"Honestly, it is an average experience",neutral
"Overall, it does not work properly",negative
The service was normal.,neutral
The product is okay!,neutral
"Honestly, very useful and easy to use",positive
"Honestly, it is an average experience",neutral
The service was wonderful.,positive
This product is terrible!,negative
"Honestly, the price is listed on the website",neutral
This is fantastic,positive
The delivery was extremely slow!,negative
The experience was great,positive
The product has several features.,neutral
"Overall, the experience was horrible",negative
I am disappointed with the service!,negative
The movie was fine,neutral
"Honestly, the experience was ordinary",neutral
The product works as expected.,neutral
The product stopped working!,negative
The product has a simple design,neutral
The experience was great,positive
Really good experience,positive
The product exceeded my expectations!,positive
It has the features mentioned!,neutral
Very poor quality.,negative
"Honestly, the movie was fine",neutral
"Overall, i would not recommend this",negative
Very poor quality,negative
"Honestly, the service was normal",neutral
Great value for money.,positive
"Honestly, customer service was terrible",negative
It has the features mentioned,neutral
The experience was horrible.,negative
Customer service was terrible,negative
"Overall, the experience was great",positive
The product is available in different sizes.,neutral
This product is amazing,positive
"Honestly, everything was perfect",positive
I received the product yesterday.,neutral
The package arrived today,neutral
Waste of money,negative
This product is terrible!,negative
I used it for a week,neutral
The product stopped working,negative
"Overall, i am impressed with the quality",positive
It is neither good nor bad,neutral
Customer service was terrible!,negative
The service was wonderful,positive
"Honestly, extremely frustrating",negative
Really good experience,positive
The service took two days!,neutral
The service was wonderful,positive
"Honestly, i used it for a week",neutral
"Honestly, the product is currently available",neutral
I would not recommend this.,negative
"Overall, the experience was horrible",negative
I received the product yesterday.,neutral
"Overall, the product has several features",neutral
The delivery was extremely slow!,negative
"Honestly, i would not recommend this",negative
I would definitely recommend it,positive
"Honestly, it does not work properly",negative
"Honestly, this product is amazing",positive
"Honestly, everything was perfect",positive
It does not work properly.,negative
I regret buying this,negative
"Honestly, the product is available in different sizes",neutral
"Overall, the price is listed on the website",neutral
The product works perfectly!,positive
"Honestly, it has the features mentioned",neutral
I am not satisfied!,negative
I am not satisfied.,negative
"Honestly, amazing customer service",positive
I am very satisfied,positive
Very happy with my purchase!,positive
The product arrived damaged.,negative
Customer service was terrible!,negative
The package arrived today.,neutral
Very poor quality,negative
This is fantastic.,positive
The experience was horrible,negative
I am impressed with the quality!,positive
"Honestly, the product works perfectly",positive
"Overall, i used it for a week",neutral
Waste of money,negative
Great value for money.,positive
"Honestly, the product is currently available",neutral
Great value for money,positive
"Overall, i am disappointed with the service",negative
It is neither good nor bad,neutral
"Honestly, waste of money",negative
I used it for a week,neutral
"Honestly, the delivery was extremely slow",negative
"Overall, the product has several features",neutral
It meets the basic requirements,neutral
I am impressed with the quality!,positive
Completely useless product!,negative
This is the worst product!,negative
"Overall, i am impressed with the quality",positive
Amazing customer service,positive
"Honestly, very poor quality",negative
The product works perfectly!,positive
"Overall, very happy with my purchase",positive
The movie was fine.,neutral
"Honestly, the delivery was fast",positive
Very happy with my purchase,positive
"Overall, this product is amazing",positive
"Honestly, it is neither good nor bad",neutral
The service took two days,neutral
I am disappointed with the service,negative
The price is listed on the website.,neutral
The quality is very bad,negative
I am very satisfied,positive
The service was wonderful,positive
The experience was ordinary.,neutral
The service is available.,neutral
"Overall, the delivery was extremely slow",negative
Very useful and easy to use!,positive
"Honestly, i am disappointed with the service",negative
This is the worst product.,negative
"Honestly, the delivery was on time",neutral
I regret buying this.,negative
"Overall, the service took two days",neutral
Very useful and easy to use.,positive
"Honestly, this is fantastic",positive
"Overall, it is neither good nor bad",neutral
It meets the basic requirements!,neutral
The product has several features.,neutral
"Honestly, everything was perfect",positive
I would definitely recommend it!,positive
I regret buying this.,negative
"Honestly, the product works perfectly",positive
"Honestly, the experience was ordinary",neutral
Very disappointing!,negative
"Overall, the product is currently available",neutral
The experience was horrible!,negative
"Honestly, this product is terrible",negative
The product has a simple design,neutral
Completely useless product!,negative
I am disappointed with the service!,negative
I really enjoyed this experience,positive
Really good experience.,positive
Very disappointing!,negative
I used it for a week!,neutral
"Honestly, customer service was terrible",negative
It is neither good nor bad.,neutral
"Overall, great value for money",positive
"Overall, the product stopped working",negative
It meets the basic requirements.,neutral
The delivery was fast.,positive
I love this product,positive
I would not recommend this,negative
The service is available,neutral
Excellent quality!,positive
The product works as expected.,neutral
The experience was great!,positive
"Overall, the product stopped working",negative
The service was wonderful.,positive
Very useful and easy to use!,positive
"Overall, the product is available in different sizes",neutral
The product is currently available.,neutral
"Honestly, the product arrived damaged",negative
"Honestly, the product works perfectly",positive
"Overall, this product is amazing",positive
"Overall, really good experience",positive
"Overall, the product is currently available",neutral
"Overall, the experience was great",positive
Great value for money,positive
This is the worst product,negative
Very poor quality.,negative
It is an average experience.,neutral
The experience was horrible,negative
"Overall, the product arrived damaged",negative
"Honestly, everything was perfect",positive
I am impressed with the quality!,positive
I used it for a week,neutral
Very disappointing,negative
"Honestly, it meets the basic requirements",neutral
The experience was ordinary!,neutral
Very poor quality,negative
"Overall, great value for money",positive
"Honestly, i received the product yesterday",neutral
"Honestly, the product exceeded my expectations",positive
I am disappointed with the service!,negative
The experience was great,positive
"Honestly, the delivery was fast",positive
"Honestly, the delivery was extremely slow",negative
The product is currently available,neutral
I am impressed with the quality,positive
The quality is very bad.,negative
This is the worst product,negative
It does not work properly.,negative
"Overall, i am very satisfied",positive
The movie was fine.,neutral
I would definitely recommend it.,positive
It is neither good nor bad,neutral
The experience was horrible!,negative
"Overall, the delivery was fast",positive
Completely useless product.,negative
"Overall, the delivery was extremely slow",negative
I am impressed with the quality.,positive
It is neither good nor bad.,neutral
Everything was perfect,positive
It does not work properly,negative
The delivery was on time,neutral
The product is available in different sizes,neutral
"Overall, very happy with my purchase",positive
The package arrived today!,neutral
"Overall, the package arrived today",neutral
"Overall, the product stopped working",negative
I would not recommend this,negative
"Overall, i really enjoyed this experience",positive
Very disappointing!,negative
This product is amazing!,positive
"Honestly, i am impressed with the quality",positive
The product arrived damaged,negative
The experience was horrible.,negative
It meets the basic requirements!,neutral
The quality is excellent,positive
Very useful and easy to use,positive
The package arrived today,neutral
"Honestly, the product works as expected",neutral
The delivery was extremely slow,negative
"Overall, the delivery was on time",neutral
I regret buying this.,negative
It meets the basic requirements!,neutral
"Honestly, very useful and easy to use",positive
"Overall, the product has several features",neutral
This is the worst product!,negative
The product is okay!,neutral
The experience was ordinary,neutral
"Honestly, waste of money",negative
The product has several features,neutral
I would definitely recommend it,positive
Waste of money,negative
"Overall, the delivery was fast",positive
It has the features mentioned!,neutral
I really enjoyed this experience,positive
"Honestly, the quality is very bad",negative
"Overall, i regret buying this",negative
"Overall, the product arrived damaged",negative
The experience was horrible,negative
"Overall, the quality is excellent",positive
"Honestly, this is fantastic",positive
Everything was perfect.,positive
"Honestly, the product has a simple design",neutral
"Honestly, the product is okay",neutral
"Honestly, customer service was terrible",negative
The delivery was extremely slow!,negative
The experience was horrible!,negative
I am impressed with the quality,positive
"Honestly, this is fantastic",positive
The service was poor.,negative
The package arrived today,neutral
The price is listed on the website!,neutral
I hate this product.,negative
"Overall, the product arrived damaged",negative
"Honestly, it is neither good nor bad",neutral
I regret buying this!,negative
Completely useless product!,negative
"Honestly, i really enjoyed this experience",positive
The price is listed on the website.,neutral
I would definitely recommend it.,positive
This product is amazing.,positive
It meets the basic requirements!,neutral
"Honestly, the product has a simple design",neutral
It does not work properly.,negative
"Overall, very disappointing",negative
"Honestly, everything was perfect",positive
The service was poor,negative
The experience was horrible,negative
It is an average experience.,neutral
Great value for money,positive
"Honestly, this is fantastic",positive
"Honestly, the product has several features",neutral
"Overall, i regret buying this",negative
"Honestly, the product works perfectly",positive
"Honestly, i love this product",positive
I love this product,positive
I really enjoyed this experience!,positive
I would not recommend this.,negative
The delivery was fast,positive
"Honestly, the service was normal",neutral
The product is available in different sizes.,neutral
The service took two days.,neutral
"Overall, it has the features mentioned",neutral
The experience was ordinary.,neutral
The product works as expected,neutral
"Honestly, the product has several features",neutral
"Honestly, the product is okay",neutral
The product works as expected,neutral
"Overall, excellent quality",positive
I hate this product,negative
The product is currently available.,neutral
The product works as expected.,neutral
The product has a simple design,neutral
Very disappointing.,negative
The delivery was extremely slow.,negative
The product has several features.,neutral
The delivery was extremely slow,negative
"Overall, the delivery was extremely slow",negative
The service took two days,neutral
I hate this product.,negative
The product works as expected,neutral
"Honestly, the product works as expected",neutral
"Overall, the movie was fine",neutral
It has the features mentioned.,neutral
The product has a simple design,neutral
The service was wonderful.,positive
The product is available in different sizes.,neutral
Very happy with my purchase!,positive
The experience was great.,positive
"Honestly, the product works as expected",neutral
I am not satisfied,negative
I received the product yesterday!,neutral
"Honestly, i regret buying this",negative
The service was poor.,negative
Amazing customer service,positive
I really enjoyed this experience,positive
"Honestly, the delivery was extremely slow",negative
"Honestly, this product is terrible",negative
The product works perfectly.,positive
"Honestly, the service took two days",neutral
Customer service was terrible!,negative
Amazing customer service.,positive
The quality is very bad!,negative
"Honestly, it does not work properly",negative
I would not recommend this!,negative
I am not satisfied.,negative
"Overall, great value for money",positive
Really good experience,positive
"Honestly, completely useless product",negative
"Honestly, it meets the basic requirements",neutral
"Overall, this is the worst product",negative
The service was wonderful!,positive
The product is available in different sizes!,neutral
The experience was ordinary,neutral
The product has several features.,neutral
"Overall, the product has a simple design",neutral
"Overall, it has the features mentioned",neutral
Very disappointing!,negative
It is an average experience.,neutral
"Honestly, everything was perfect",positive
I really enjoyed this experience.,positive
"Honestly, i am not satisfied",negative
"Overall, the experience was great",positive
The delivery was on time,neutral
"Overall, really good experience",positive
"Overall, waste of money",negative
"Honestly, the product arrived damaged",negative
"Honestly, the service took two days",neutral
The service was normal!,neutral
The product is okay.,neutral
It is an average experience!,neutral
I am impressed with the quality!,positive
Really good experience,positive
Very disappointing.,negative
"Honestly, the product has a simple design",neutral
"Overall, very happy with my purchase",positive
The product exceeded my expectations.,positive
The product works perfectly,positive
The service was wonderful.,positive
I am very satisfied,positive
The movie was fine!,neutral
The product is okay!,neutral
"Honestly, i received the product yesterday",neutral
"Overall, the experience was horrible",negative
"Overall, the service is available",neutral
"Honestly, the product arrived damaged",negative
"Honestly, great value for money",positive
"Overall, the product is currently available",neutral
The price is listed on the website.,neutral
I used it for a week.,neutral
Completely useless product!,negative
This is the worst product!,negative
It is an average experience!,neutral
This product is terrible.,negative
"Honestly, the product is okay",neutral
It is an average experience.,neutral
Great value for money!,positive
The product exceeded my expectations,positive
The product has a simple design!,neutral
"Overall, it is an average experience",neutral
"Overall, very happy with my purchase",positive
"Overall, the service is available",neutral
"Honestly, it is an average experience",neutral
It meets the basic requirements!,neutral
This is the worst product,negative
"Honestly, the product works perfectly",positive
This product is terrible,negative
The experience was ordinary!,neutral
"Overall, i really enjoyed this experience",positive
The service took two days!,neutral
I am very satisfied.,positive
"Honestly, i love this product",positive
I am very satisfied!,positive
I received the product yesterday!,neutral
Extremely frustrating,negative
The delivery was extremely slow,negative
I would not recommend this.,negative
"Honestly, i would not recommend this",negative
"Overall, the product arrived damaged",negative
This is fantastic.,positive
The service took two days,neutral
Great value for money,positive
"Overall, i am very satisfied",positive
Great value for money,positive
The product has several features.,neutral
"Overall, it has the features mentioned",neutral
"Honestly, very poor quality",negative
"Honestly, the service was wonderful",positive
"Honestly, amazing customer service",positive
The product is currently available!,neutral
"Honestly, i received the product yesterday",neutral
This is the worst product!,negative
The service was wonderful,positive
"Honestly, i used it for a week",neutral
The product is okay,neutral
The product arrived damaged.,negative
"Overall, the service was normal",neutral
"Overall, the service was wonderful",positive
Waste of money,negative
"Honestly, the product works as expected",neutral
The quality is very bad.,negative
Everything was perfect,positive
I love this product,positive
"Overall, i am impressed with the quality",positive
"Overall, the service was wonderful",positive
It is neither good nor bad.,neutral
The service was normal,neutral
Customer service was terrible.,negative
"Overall, extremely frustrating",negative
"Overall, the product works perfectly",positive
"Overall, i would not recommend this",negative
Great value for money.,positive
"Overall, the product is available in different sizes",neutral
"Overall, the experience was horrible",negative
"Honestly, the product works perfectly",positive
This product is amazing!,positive
"Honestly, customer service was terrible",negative
The product arrived damaged.,negative
"Honestly, very poor quality",negative
"Honestly, i hate this product",negative
I am very satisfied!,positive
"Overall, it has the features mentioned",neutral
I used it for a week!,neutral
It is neither good nor bad!,neutral
"Overall, i love this product",positive
I really enjoyed this experience!,positive
The delivery was on time!,neutral
"Honestly, the experience was great",positive
I am not satisfied!,negative
I used it for a week,neutral
It does not work properly!,negative
I would definitely recommend it,positive
The product has a simple design!,neutral
"Honestly, the experience was ordinary",neutral
"Overall, i would definitely recommend it",positive
The product has a simple design!,neutral
The product arrived damaged!,negative
Customer service was terrible!,negative
This product is amazing!,positive
"Overall, i hate this product",negative
"Overall, this is the worst product",negative
"Honestly, i would not recommend this",negative
"Overall, customer service was terrible",negative
"Honestly, i am not satisfied",negative
I am disappointed with the service.,negative
"Honestly, really good experience",positive
I really enjoyed this experience.,positive
The product has a simple design.,neutral
The service is available.,neutral
The quality is very bad.,negative
The service took two days.,neutral
"Overall, i love this product",positive
The delivery was extremely slow.,negative
"Honestly, the product has several features",neutral
The product has several features.,neutral
"Overall, customer service was terrible",negative
The service was wonderful!,positive
The experience was horrible.,negative
Very poor quality.,negative
"Honestly, excellent quality",positive
It is an average experience,neutral
The quality is excellent.,positive
It is an average experience!,neutral
"Overall, i used it for a week",neutral
"Overall, it is neither good nor bad",neutral
The product is okay!,neutral
"Honestly, the product is okay",neutral
It has the features mentioned!,neutral
The price is listed on the website!,neutral
"Overall, extremely frustrating",negative
Completely useless product!,negative
Customer service was terrible.,negative
I received the product yesterday,neutral
"Honestly, i love this product",positive
This product is terrible.,negative
"Honestly, the experience was horrible",negative
"Overall, the product arrived damaged",negative
"Honestly, extremely frustrating",negative
"Overall, i regret buying this",negative
"Overall, the price is listed on the website",neutral
"Honestly, the product is available in different sizes",neutral
"Honestly, the product is okay",neutral
"Honestly, it does not work properly",negative
This is fantastic.,positive
"Honestly, everything was perfect",positive
I am very satisfied.,positive
"Honestly, the product works perfectly",positive
The product is okay,neutral
"Overall, everything was perfect",positive
"Overall, customer service was terrible",negative
The quality is very bad!,negative
"Honestly, the quality is excellent",positive
The service was poor,negative
The quality is excellent!,positive
This product is amazing!,positive
"Honestly, very useful and easy to use",positive
Amazing customer service!,positive
"Honestly, i love this product",positive
"Honestly, waste of money",negative
The product has a simple design,neutral
I regret buying this,negative
Very useful and easy to use,positive
"Honestly, i am disappointed with the service",negative
The movie was fine.,neutral
"Honestly, it meets the basic requirements",neutral
"Honestly, the service was poor",negative
"Honestly, it is an average experience",neutral
"Overall, the product is okay",neutral
"Overall, i love this product",positive
"Overall, this product is terrible",negative
"Honestly, the product has a simple design",neutral
Really good experience.,positive
Completely useless product,negative
I am impressed with the quality.,positive
The product has a simple design.,neutral
"Overall, i used it for a week",neutral
"Honestly, the delivery was fast",positive
"Overall, the product has a simple design",neutral
The product works perfectly,positive
"Overall, it has the features mentioned",neutral
"Honestly, the product has several features",neutral
It has the features mentioned,neutral
"Honestly, the delivery was extremely slow",negative
"Honestly, the movie was fine",neutral
